organization_id,project_id,environment_id,partition_date,batch_id,kind,schema_name,client_id,payload,landed_at
org_1,proj_1,env_prod,2026-01-05,batch_001,entity,customer,cust_1,"{""id"": ""cust_1"", ""attributes"": {""email"": ""a@example.com"", ""plan"": ""starter"", ""geo"": ""US""}}",2026-01-05 10:00:05
org_1,proj_1,env_prod,2026-01-20,batch_009,entity,customer,cust_1,"{""id"": ""cust_1"", ""attributes"": {""email"": ""a@example.com"", ""plan"": ""growth"", ""geo"": ""US""}}",2026-01-20 14:12:00
org_1,proj_1,env_prod,2026-01-06,batch_002,entity,customer,cust_2,"{""id"": ""cust_2"", ""attributes"": {""email"": ""b@example.com"", ""plan"": ""starter"", ""geo"": ""CA""}}",2026-01-06 09:00:00
org_1,proj_1,env_prod,2026-01-05,batch_001,event,funnel_event,cust_1,"{""event"": ""funnel_event"", ""event_id"": ""cust_1"", ""ts"": ""2026-01-05T10:00:00Z"", ""properties"": {""event_name"": ""signup""}}",2026-01-05 10:00:05
org_1,proj_1,env_prod,2026-01-06,batch_003,event,funnel_event,cust_1,"{""event"": ""funnel_event"", ""event_id"": ""cust_1"", ""ts"": ""2026-01-06T09:30:00Z"", ""properties"": {""event_name"": ""activated""}}",2026-01-06 09:30:04
org_1,proj_1,env_prod,2026-01-07,batch_004,event,funnel_event,cust_2,"{""event"": ""funnel_event"", ""event_id"": ""cust_2"", ""ts"": ""2026-01-07T12:00:00Z"", ""properties"": {""event_name"": ""signup""}}",2026-01-07 12:00:03
org_1,proj_1,env_prod,2026-01-05,batch_005,measure,ad_spend,google:brand:2026-01-05,"{""measure"": ""ad_spend"", ""ts"": ""2026-01-05T00:00:00Z"", ""value"": 123.45, ""dimensions"": {""channel"": ""google"", ""campaign"": ""brand"", ""currency"": ""USD""}}",2026-01-05 23:59:00
org_1,proj_1,env_prod,2026-01-05,batch_005,measure,ad_spend,meta:prospecting:2026-01-05,"{""measure"": ""ad_spend"", ""ts"": ""2026-01-05T00:00:00Z"", ""value"": 88.1, ""dimensions"": {""channel"": ""meta"", ""campaign"": ""prospecting"", ""currency"": ""USD""}}",2026-01-05 23:59:00
org_1,proj_1,env_prod,2026-01-06,batch_006,measure,ad_spend,google:brand:2026-01-06,"{""measure"": ""ad_spend"", ""ts"": ""2026-01-06T00:00:00Z"", ""value"": 140.0, ""dimensions"": {""channel"": ""google"", ""campaign"": ""brand"", ""currency"": ""USD""}}",2026-01-06 23:59:00
org_2,proj_9,env_prod,2026-02-01,batch_101,entity,customer,cust_9,"{""id"": ""cust_9"", ""attributes"": {""email"": ""c@example.com"", ""plan"": ""starter"", ""geo"": ""UK""}}",2026-02-01 08:00:00
org_2,proj_9,env_prod,2026-02-01,batch_101,event,funnel_event,cust_9,"{""event"": ""funnel_event"", ""event_id"": ""cust_9"", ""ts"": ""2026-02-01T08:00:00Z"", ""properties"": {""event_name"": ""signup""}}",2026-02-01 08:00:02
org_2,proj_9,env_prod,2026-02-01,batch_102,measure,ad_spend,meta:launch:2026-02-01,"{""measure"": ""ad_spend"", ""ts"": ""2026-02-01T00:00:00Z"", ""value"": 50.0, ""dimensions"": {""channel"": ""meta"", ""campaign"": ""launch"", ""currency"": ""USD""}}",2026-02-01 23:59:00
org_1,proj_2,env_prod,2026-03-01,batch_201,event,touchpoint,anon_abc,"{""event"": ""touchpoint"", ""event_id"": ""anon_abc"", ""ts"": ""2026-03-01T09:00:00Z"", ""properties"": {""event_name"": ""pageview"", ""click_id"": ""gclid_123""}}",2026-03-01 09:00:01
org_1,proj_2,env_prod,2026-03-01,batch_202,event,funnel_event,cust_3,"{""event"": ""funnel_event"", ""event_id"": ""cust_3"", ""ts"": ""2026-03-01T09:05:00Z"", ""properties"": {""event_name"": ""signup"", ""anon_id"": ""anon_abc"", ""email_hash"": ""hash_c3"", ""customer_id"": ""cust_3""}}",2026-03-01 09:05:02
org_1,proj_2,env_prod,2026-03-01,batch_203,event,funnel_event,cust_3,"{""event"": ""funnel_event"", ""event_id"": ""cust_3"", ""ts"": ""2026-03-01T09:20:00Z"", ""properties"": {""event_name"": ""purchase""}}",2026-03-01 09:20:01
org_1,proj_2,env_prod,2026-03-02,batch_204,event,touchpoint,anon_xyz,"{""event"": ""touchpoint"", ""event_id"": ""anon_xyz"", ""ts"": ""2026-03-02T10:00:00Z"", ""properties"": {""event_name"": ""pageview"", ""click_id"": ""gclid_123""}}",2026-03-02 10:00:01
org_1,proj_2,env_prod,2026-03-02,batch_205,event,funnel_event,cust_4,"{""event"": ""funnel_event"", ""event_id"": ""cust_4"", ""ts"": ""2026-03-02T10:05:00Z"", ""properties"": {""event_name"": ""signup"", ""anon_id"": ""anon_xyz"", ""email_hash"": ""hash_c4"", ""click_id"": ""gclid_123"", ""customer_id"": ""cust_4""}}",2026-03-02 10:05:02
org_1,proj_2,env_prod,2026-03-03,batch_206,event,touchpoint,anon_qrs,"{""event"": ""touchpoint"", ""event_id"": ""anon_qrs"", ""ts"": ""2026-03-03T08:00:00Z"", ""properties"": {""event_name"": ""pageview"", ""device_id"": ""dev_1""}}",2026-03-03 08:00:01
org_1,proj_2,env_prod,2026-03-03,batch_207,event,funnel_event,cust_5,"{""event"": ""funnel_event"", ""event_id"": ""cust_5"", ""ts"": ""2026-03-03T08:10:00Z"", ""properties"": {""event_name"": ""signup"", ""anon_id"": ""anon_other5"", ""device_id"": ""dev_1"", ""email_hash"": ""hash_c5"", ""customer_id"": ""cust_5""}}",2026-03-03 08:10:02
org_1,proj_2,env_prod,2026-03-03,batch_208,event,funnel_event,cust_6,"{""event"": ""funnel_event"", ""event_id"": ""cust_6"", ""ts"": ""2026-03-03T09:00:00Z"", ""properties"": {""event_name"": ""signup"", ""anon_id"": ""anon_other6"", ""device_id"": ""dev_1"", ""email_hash"": ""hash_c6"", ""customer_id"": ""cust_6""}}",2026-03-03 09:00:02
org_1,proj_2,env_prod,2026-03-04,batch_209,event,touchpoint,anon_lmn,"{""event"": ""touchpoint"", ""event_id"": ""anon_lmn"", ""ts"": ""2026-03-04T07:00:00Z"", ""properties"": {""event_name"": ""pageview"", ""email_hash"": ""hash_c7""}}",2026-03-04 07:00:01
org_1,proj_2,env_prod,2026-03-04,batch_210,event,funnel_event,cust_7,"{""event"": ""funnel_event"", ""event_id"": ""cust_7"", ""ts"": ""2026-03-04T07:10:00Z"", ""properties"": {""event_name"": ""signup"", ""anon_id"": ""anon_other7"", ""email_hash"": ""hash_c7"", ""customer_id"": ""cust_7""}}",2026-03-04 07:10:02
org_1,proj_2,env_prod,2026-03-05,batch_211,event,touchpoint,anon_pqr,"{""event"": ""touchpoint"", ""event_id"": ""anon_pqr"", ""ts"": ""2026-03-05T06:00:00Z"", ""properties"": {""event_name"": ""pageview"", ""device_id"": ""dev_9"", ""click_id"": ""gclid_999""}}",2026-03-05 06:00:01
org_1,proj_2,env_prod,2026-03-05,batch_212,event,funnel_event,cust_8,"{""event"": ""funnel_event"", ""event_id"": ""cust_8"", ""ts"": ""2026-03-05T06:10:00Z"", ""properties"": {""event_name"": ""signup"", ""anon_id"": ""anon_other8"", ""device_id"": ""dev_9"", ""customer_id"": ""cust_8""}}",2026-03-05 06:10:02
org_1,proj_2,env_prod,2026-03-05,batch_213,event,funnel_event,cust_8,"{""event"": ""funnel_event"", ""event_id"": ""cust_8"", ""ts"": ""2026-03-05T07:00:00Z"", ""properties"": {""event_name"": ""activated"", ""click_id"": ""gclid_999""}}",2026-03-05 07:00:02
org_1,proj_10,env_prod,2026-04-01,batch_301,event,touchpoint,anon_j1,"{""event"": ""touchpoint"", ""event_id"": ""anon_j1"", ""ts"": ""2026-04-01T08:00:00Z"", ""properties"": {""event_name"": ""pageview"", ""device_id"": ""dev_100"", ""channel"": ""paid_search"", ""utm_campaign"": ""spring_search"", ""landing_page"": ""https://example.com/lp-a""}}",2026-04-01 08:00:01
org_1,proj_10,env_prod,2026-04-03,batch_302,event,touchpoint,anon_j2,"{""event"": ""touchpoint"", ""event_id"": ""anon_j2"", ""ts"": ""2026-04-03T09:00:00Z"", ""properties"": {""event_name"": ""pageview"", ""device_id"": ""dev_100"", ""channel"": ""paid_social"", ""utm_campaign"": ""spring_social"", ""landing_page"": ""https://example.com/lp-b""}}",2026-04-03 09:00:01
org_1,proj_10,env_prod,2026-04-03,batch_303,event,funnel_event,cust_j1,"{""event"": ""funnel_event"", ""event_id"": ""cust_j1"", ""ts"": ""2026-04-03T09:10:00Z"", ""properties"": {""event_name"": ""signup"", ""anon_id"": ""anon_j2"", ""device_id"": ""dev_100"", ""customer_id"": ""cust_j1""}}",2026-04-03 09:10:02
org_1,proj_10,env_prod,2026-04-05,batch_304,event,funnel_event,cust_j1,"{""event"": ""funnel_event"", ""event_id"": ""cust_j1"", ""ts"": ""2026-04-05T12:00:00Z"", ""properties"": {""event_name"": ""purchase""}}",2026-04-05 12:00:01
org_1,proj_11,env_prod,2026-01-05,batch_401,event,funnel_event,cust_a1,"{""event"": ""funnel_event"", ""event_id"": ""cust_a1"", ""ts"": ""2026-01-05T09:00:00Z"", ""properties"": {""event_name"": ""signup""}}",2026-01-05 09:00:02
org_1,proj_11,env_prod,2026-02-10,batch_402,event,funnel_event,cust_a1,"{""event"": ""funnel_event"", ""event_id"": ""cust_a1"", ""ts"": ""2026-02-10T10:00:00Z"", ""properties"": {""event_name"": ""activated""}}",2026-02-10 10:00:02
org_1,proj_11,env_prod,2026-03-15,batch_403,event,funnel_event,cust_a1,"{""event"": ""funnel_event"", ""event_id"": ""cust_a1"", ""ts"": ""2026-03-15T11:00:00Z"", ""properties"": {""event_name"": ""purchase""}}",2026-03-15 11:00:02
org_1,proj_11,env_prod,2026-01-10,batch_404,event,funnel_event,cust_a2,"{""event"": ""funnel_event"", ""event_id"": ""cust_a2"", ""ts"": ""2026-01-10T09:00:00Z"", ""properties"": {""event_name"": ""signup""}}",2026-01-10 09:00:02
org_1,proj_11,env_prod,2026-01-20,batch_405,event,funnel_event,cust_a3,"{""event"": ""funnel_event"", ""event_id"": ""cust_a3"", ""ts"": ""2026-01-20T09:00:00Z"", ""properties"": {""event_name"": ""signup""}}",2026-01-20 09:00:02
org_1,proj_11,env_prod,2026-03-05,batch_406,event,funnel_event,cust_a3,"{""event"": ""funnel_event"", ""event_id"": ""cust_a3"", ""ts"": ""2026-03-05T12:00:00Z"", ""properties"": {""event_name"": ""purchase""}}",2026-03-05 12:00:02
org_1,proj_11,env_prod,2026-02-03,batch_407,event,funnel_event,cust_b1,"{""event"": ""funnel_event"", ""event_id"": ""cust_b1"", ""ts"": ""2026-02-03T09:00:00Z"", ""properties"": {""event_name"": ""signup""}}",2026-02-03 09:00:02
org_1,proj_11,env_prod,2026-03-01,batch_408,event,funnel_event,cust_b1,"{""event"": ""funnel_event"", ""event_id"": ""cust_b1"", ""ts"": ""2026-03-01T10:00:00Z"", ""properties"": {""event_name"": ""activated""}}",2026-03-01 10:00:02
org_1,proj_11,env_prod,2026-02-15,batch_409,event,funnel_event,cust_b2,"{""event"": ""funnel_event"", ""event_id"": ""cust_b2"", ""ts"": ""2026-02-15T09:00:00Z"", ""properties"": {""event_name"": ""signup""}}",2026-02-15 09:00:02
org_1,proj_12,env_prod,2026-04-01,batch_501,event,funnel_event,cust_c1,"{""event"": ""funnel_event"", ""event_id"": ""cust_c1"", ""ts"": ""2026-04-01T09:00:00Z"", ""properties"": {""event_name"": ""app_open""}}",2026-04-01 09:00:02
org_1,proj_12,env_prod,2026-04-01,batch_502,event,funnel_event,cust_c3,"{""event"": ""funnel_event"", ""event_id"": ""cust_c3"", ""ts"": ""2026-04-01T09:05:00Z"", ""properties"": {""event_name"": ""app_open""}}",2026-04-01 09:05:02
org_1,proj_12,env_prod,2026-04-01,batch_503,event,funnel_event,cust_c4,"{""event"": ""funnel_event"", ""event_id"": ""cust_c4"", ""ts"": ""2026-04-01T09:10:00Z"", ""properties"": {""event_name"": ""app_open""}}",2026-04-01 09:10:02
org_1,proj_12,env_prod,2026-04-02,batch_504,event,funnel_event,cust_c2,"{""event"": ""funnel_event"", ""event_id"": ""cust_c2"", ""ts"": ""2026-04-02T09:00:00Z"", ""properties"": {""event_name"": ""app_open""}}",2026-04-02 09:00:02
org_1,proj_12,env_prod,2026-04-02,batch_505,event,funnel_event,cust_c4,"{""event"": ""funnel_event"", ""event_id"": ""cust_c4"", ""ts"": ""2026-04-02T09:05:00Z"", ""properties"": {""event_name"": ""app_open""}}",2026-04-02 09:05:02
org_1,proj_12,env_prod,2026-04-03,batch_506,event,funnel_event,cust_c4,"{""event"": ""funnel_event"", ""event_id"": ""cust_c4"", ""ts"": ""2026-04-03T09:00:00Z"", ""properties"": {""event_name"": ""app_open""}}",2026-04-03 09:00:02
org_1,proj_12,env_prod,2026-04-04,batch_507,event,funnel_event,cust_c1,"{""event"": ""funnel_event"", ""event_id"": ""cust_c1"", ""ts"": ""2026-04-04T09:00:00Z"", ""properties"": {""event_name"": ""app_open""}}",2026-04-04 09:00:02
org_1,proj_12,env_prod,2026-04-04,batch_508,event,funnel_event,cust_c4,"{""event"": ""funnel_event"", ""event_id"": ""cust_c4"", ""ts"": ""2026-04-04T09:05:00Z"", ""properties"": {""event_name"": ""app_open""}}",2026-04-04 09:05:02
org_1,proj_12,env_prod,2026-04-05,batch_509,event,funnel_event,cust_c4,"{""event"": ""funnel_event"", ""event_id"": ""cust_c4"", ""ts"": ""2026-04-05T09:00:00Z"", ""properties"": {""event_name"": ""app_open""}}",2026-04-05 09:00:02
org_1,proj_12,env_prod,2026-04-07,batch_510,event,funnel_event,cust_c1,"{""event"": ""funnel_event"", ""event_id"": ""cust_c1"", ""ts"": ""2026-04-07T09:00:00Z"", ""properties"": {""event_name"": ""app_open""}}",2026-04-07 09:00:02
org_1,proj_12,env_prod,2026-04-10,batch_511,event,funnel_event,cust_c1,"{""event"": ""funnel_event"", ""event_id"": ""cust_c1"", ""ts"": ""2026-04-10T09:00:00Z"", ""properties"": {""event_name"": ""app_open""}}",2026-04-10 09:00:02
org_1,proj_12,env_prod,2026-04-13,batch_512,event,funnel_event,cust_c1,"{""event"": ""funnel_event"", ""event_id"": ""cust_c1"", ""ts"": ""2026-04-13T09:00:00Z"", ""properties"": {""event_name"": ""app_open""}}",2026-04-13 09:00:02
org_1,proj_12,env_prod,2026-04-15,batch_513,event,funnel_event,cust_c2,"{""event"": ""funnel_event"", ""event_id"": ""cust_c2"", ""ts"": ""2026-04-15T09:00:00Z"", ""properties"": {""event_name"": ""app_open""}}",2026-04-15 09:00:02
org_1,proj_12,env_prod,2026-04-16,batch_514,event,funnel_event,cust_c1,"{""event"": ""funnel_event"", ""event_id"": ""cust_c1"", ""ts"": ""2026-04-16T09:00:00Z"", ""properties"": {""event_name"": ""app_open""}}",2026-04-16 09:00:02
org_1,proj_12,env_prod,2026-04-19,batch_515,event,funnel_event,cust_c1,"{""event"": ""funnel_event"", ""event_id"": ""cust_c1"", ""ts"": ""2026-04-19T09:00:00Z"", ""properties"": {""event_name"": ""app_open""}}",2026-04-19 09:00:02
org_1,proj_12,env_prod,2026-04-22,batch_516,event,funnel_event,cust_c1,"{""event"": ""funnel_event"", ""event_id"": ""cust_c1"", ""ts"": ""2026-04-22T09:00:00Z"", ""properties"": {""event_name"": ""app_open""}}",2026-04-22 09:00:02
org_1,proj_12,env_prod,2026-04-25,batch_517,event,funnel_event,cust_c1,"{""event"": ""funnel_event"", ""event_id"": ""cust_c1"", ""ts"": ""2026-04-25T09:00:00Z"", ""properties"": {""event_name"": ""app_open""}}",2026-04-25 09:00:02
org_1,proj_12,env_prod,2026-04-28,batch_518,event,funnel_event,cust_c1,"{""event"": ""funnel_event"", ""event_id"": ""cust_c1"", ""ts"": ""2026-04-28T09:00:00Z"", ""properties"": {""event_name"": ""app_open""}}",2026-04-28 09:00:02
org_1,proj_12,env_prod,2026-04-28,batch_519,event,funnel_event,cust_c2,"{""event"": ""funnel_event"", ""event_id"": ""cust_c2"", ""ts"": ""2026-04-28T09:05:00Z"", ""properties"": {""event_name"": ""app_open""}}",2026-04-28 09:05:02
org_1,proj_12,env_prod,2026-04-28,batch_520,event,funnel_event,cust_c4,"{""event"": ""funnel_event"", ""event_id"": ""cust_c4"", ""ts"": ""2026-04-28T09:10:00Z"", ""properties"": {""event_name"": ""app_open""}}",2026-04-28 09:10:02
org_1,proj_11,env_prod,2026-05-01,batch_401,event,touchpoint,a1,"{""event"": ""touchpoint"", ""event_id"": ""a1"", ""ts"": ""2026-05-01T08:00:00Z"", ""properties"": {""event_name"": ""pageview"", ""device_id"": ""dev_a1"", ""channel"": ""paid_search"", ""utm_campaign"": ""summer_search"", ""landing_page"": ""https://example.com/lp-a""}}",2026-05-01 08:00:00
org_1,proj_11,env_prod,2026-05-01,batch_402,event,touchpoint,a2,"{""event"": ""touchpoint"", ""event_id"": ""a2"", ""ts"": ""2026-05-01T08:05:00Z"", ""properties"": {""event_name"": ""pageview"", ""device_id"": ""dev_a2"", ""channel"": ""paid_search"", ""utm_campaign"": ""summer_search"", ""landing_page"": ""https://example.com/lp-a""}}",2026-05-01 08:05:00
org_1,proj_11,env_prod,2026-05-01,batch_403,event,touchpoint,a3,"{""event"": ""touchpoint"", ""event_id"": ""a3"", ""ts"": ""2026-05-01T08:10:00Z"", ""properties"": {""event_name"": ""pageview"", ""device_id"": ""dev_a3"", ""channel"": ""paid_search"", ""utm_campaign"": ""summer_search"", ""landing_page"": ""https://example.com/lp-a""}}",2026-05-01 08:10:00
org_1,proj_11,env_prod,2026-05-01,batch_404,event,funnel_event,cust_a1,"{""event"": ""funnel_event"", ""event_id"": ""cust_a1"", ""ts"": ""2026-05-01T08:30:00Z"", ""properties"": {""event_name"": ""signup"", ""anon_id"": ""a1"", ""device_id"": ""dev_a1"", ""customer_id"": ""cust_a1""}}",2026-05-01 08:30:00
org_1,proj_11,env_prod,2026-05-01,batch_405,event,funnel_event,cust_a2,"{""event"": ""funnel_event"", ""event_id"": ""cust_a2"", ""ts"": ""2026-05-01T08:35:00Z"", ""properties"": {""event_name"": ""signup"", ""anon_id"": ""a2"", ""device_id"": ""dev_a2"", ""customer_id"": ""cust_a2""}}",2026-05-01 08:35:00
org_1,proj_11,env_prod,2026-05-01,batch_406,event,touchpoint,b1,"{""event"": ""touchpoint"", ""event_id"": ""b1"", ""ts"": ""2026-05-01T09:00:00Z"", ""properties"": {""event_name"": ""pageview"", ""device_id"": ""dev_b1"", ""channel"": ""paid_search"", ""utm_campaign"": ""summer_search"", ""landing_page"": ""https://example.com/lp-b""}}",2026-05-01 09:00:00
org_1,proj_11,env_prod,2026-05-01,batch_407,event,touchpoint,b2,"{""event"": ""touchpoint"", ""event_id"": ""b2"", ""ts"": ""2026-05-01T09:05:00Z"", ""properties"": {""event_name"": ""pageview"", ""device_id"": ""dev_b2"", ""channel"": ""paid_search"", ""utm_campaign"": ""summer_search"", ""landing_page"": ""https://example.com/lp-b""}}",2026-05-01 09:05:00
org_1,proj_11,env_prod,2026-05-01,batch_408,event,touchpoint,b3,"{""event"": ""touchpoint"", ""event_id"": ""b3"", ""ts"": ""2026-05-01T09:10:00Z"", ""properties"": {""event_name"": ""pageview"", ""device_id"": ""dev_b3"", ""channel"": ""paid_search"", ""utm_campaign"": ""summer_search"", ""landing_page"": ""https://example.com/lp-b""}}",2026-05-01 09:10:00
org_1,proj_11,env_prod,2026-05-01,batch_409,event,funnel_event,cust_b1,"{""event"": ""funnel_event"", ""event_id"": ""cust_b1"", ""ts"": ""2026-05-01T09:30:00Z"", ""properties"": {""event_name"": ""signup"", ""anon_id"": ""b1"", ""device_id"": ""dev_b1"", ""customer_id"": ""cust_b1""}}",2026-05-01 09:30:00
org_1,proj_11,env_prod,2026-05-01,batch_410,event,touchpoint,c1,"{""event"": ""touchpoint"", ""event_id"": ""c1"", ""ts"": ""2026-05-01T10:00:00Z"", ""properties"": {""event_name"": ""pageview"", ""device_id"": ""dev_c1"", ""channel"": ""paid_social"", ""utm_campaign"": ""summer_social"", ""landing_page"": ""https://example.com/lp-a""}}",2026-05-01 10:00:00
org_1,proj_11,env_prod,2026-05-01,batch_411,event,touchpoint,c2,"{""event"": ""touchpoint"", ""event_id"": ""c2"", ""ts"": ""2026-05-01T10:05:00Z"", ""properties"": {""event_name"": ""pageview"", ""device_id"": ""dev_c2"", ""channel"": ""paid_social"", ""utm_campaign"": ""summer_social"", ""landing_page"": ""https://example.com/lp-a""}}",2026-05-01 10:05:00
org_1,proj_11,env_prod,2026-05-01,batch_412,event,touchpoint,d1,"{""event"": ""touchpoint"", ""event_id"": ""d1"", ""ts"": ""2026-05-01T11:00:00Z"", ""properties"": {""event_name"": ""pageview"", ""device_id"": ""dev_d1"", ""channel"": ""paid_social"", ""utm_campaign"": ""summer_social""}}",2026-05-01 11:00:00
org_1,proj_13,env_prod,2026-05-01,batch_601,entity,stripe_subscription,sub_1301,"{""id"": ""sub_1301"", ""attributes"": {""customer_id"": ""cust_1301"", ""status"": ""trialing"", ""currency"": ""usd"", ""mrr_normalized"": 0, ""current_period_end"": ""2026-05-08T00:00:00Z"", ""cancel_at_period_end"": false, ""started_at"": ""2026-05-01T00:00:00Z"", ""plan_interval"": ""month""}}",2026-05-01 00:05:00
org_1,proj_13,env_prod,2026-05-08,batch_602,entity,stripe_subscription,sub_1301,"{""id"": ""sub_1301"", ""attributes"": {""customer_id"": ""cust_1301"", ""status"": ""active"", ""currency"": ""usd"", ""mrr_normalized"": 100, ""current_period_end"": ""2026-06-08T00:00:00Z"", ""cancel_at_period_end"": false, ""started_at"": ""2026-05-01T00:00:00Z"", ""plan_interval"": ""month""}}",2026-05-08 00:05:00
org_1,proj_13,env_prod,2026-05-15,batch_603,entity,stripe_subscription,sub_1301,"{""id"": ""sub_1301"", ""attributes"": {""customer_id"": ""cust_1301"", ""status"": ""active"", ""currency"": ""usd"", ""mrr_normalized"": 150, ""current_period_end"": ""2026-06-15T00:00:00Z"", ""cancel_at_period_end"": false, ""started_at"": ""2026-05-01T00:00:00Z"", ""plan_interval"": ""month""}}",2026-05-15 00:05:00
org_1,proj_13,env_prod,2026-05-22,batch_604,entity,stripe_subscription,sub_1301,"{""id"": ""sub_1301"", ""attributes"": {""customer_id"": ""cust_1301"", ""status"": ""canceled"", ""currency"": ""usd"", ""mrr_normalized"": 150, ""current_period_end"": ""2026-06-22T00:00:00Z"", ""cancel_at_period_end"": false, ""started_at"": ""2026-05-01T00:00:00Z"", ""plan_interval"": ""month"", ""canceled_at"": ""2026-05-22T00:00:00Z""}}",2026-05-22 00:05:00
org_1,proj_13,env_prod,2026-05-03,batch_611,entity,stripe_subscription,sub_1302,"{""id"": ""sub_1302"", ""attributes"": {""customer_id"": ""cust_1302"", ""status"": ""active"", ""currency"": ""usd"", ""mrr_normalized"": 80, ""current_period_end"": ""2026-06-03T00:00:00Z"", ""cancel_at_period_end"": false, ""started_at"": ""2026-05-03T00:00:00Z"", ""plan_interval"": ""year""}}",2026-05-03 00:05:00
org_1,proj_13,env_prod,2026-05-10,batch_612,entity,stripe_subscription,sub_1302,"{""id"": ""sub_1302"", ""attributes"": {""customer_id"": ""cust_1302"", ""status"": ""canceled"", ""currency"": ""usd"", ""mrr_normalized"": 80, ""current_period_end"": ""2026-06-10T00:00:00Z"", ""cancel_at_period_end"": false, ""started_at"": ""2026-05-03T00:00:00Z"", ""plan_interval"": ""year"", ""canceled_at"": ""2026-05-10T00:00:00Z""}}",2026-05-10 00:05:00
org_1,proj_13,env_prod,2026-05-17,batch_613,entity,stripe_subscription,sub_1302,"{""id"": ""sub_1302"", ""attributes"": {""customer_id"": ""cust_1302"", ""status"": ""active"", ""currency"": ""usd"", ""mrr_normalized"": 80, ""current_period_end"": ""2026-06-17T00:00:00Z"", ""cancel_at_period_end"": false, ""started_at"": ""2026-05-03T00:00:00Z"", ""plan_interval"": ""year""}}",2026-05-17 00:05:00
org_1,proj_13,env_prod,2026-05-08,batch_621,event,stripe_charge,cust_1301,"{""event"": ""stripe_charge"", ""event_id"": ""stripe:charge:ch_1301_a"", ""ts"": ""2026-05-08T00:05:00Z"", ""properties"": {""charge_id"": ""ch_1301_a"", ""customer_id"": ""cust_1301"", ""amount"": 100, ""currency"": ""usd"", ""status"": ""succeeded"", ""refunded"": false, ""amount_refunded"": 0}}",2026-05-08 00:05:01
org_1,proj_13,env_prod,2026-05-15,batch_622,event,stripe_charge,cust_1301,"{""event"": ""stripe_charge"", ""event_id"": ""stripe:charge:ch_1301_b"", ""ts"": ""2026-05-15T00:05:00Z"", ""properties"": {""charge_id"": ""ch_1301_b"", ""customer_id"": ""cust_1301"", ""amount"": 150, ""currency"": ""usd"", ""status"": ""succeeded"", ""refunded"": false, ""amount_refunded"": 0}}",2026-05-15 00:05:01
org_1,proj_13,env_prod,2026-05-03,batch_631,event,stripe_charge,cust_1302,"{""event"": ""stripe_charge"", ""event_id"": ""stripe:charge:ch_1302_a"", ""ts"": ""2026-05-03T00:10:00Z"", ""properties"": {""charge_id"": ""ch_1302_a"", ""customer_id"": ""cust_1302"", ""amount"": 80, ""currency"": ""usd"", ""status"": ""failed"", ""refunded"": false, ""amount_refunded"": 0}}",2026-05-03 00:10:01
org_1,proj_13,env_prod,2026-05-03,batch_632,event,stripe_charge,cust_1302,"{""event"": ""stripe_charge"", ""event_id"": ""stripe:charge:ch_1302_b"", ""ts"": ""2026-05-03T00:15:00Z"", ""properties"": {""charge_id"": ""ch_1302_b"", ""customer_id"": ""cust_1302"", ""amount"": 80, ""currency"": ""usd"", ""status"": ""succeeded"", ""refunded"": false, ""amount_refunded"": 0}}",2026-05-03 00:15:01
org_1,proj_13,env_prod,2026-05-05,batch_641,entity,stripe_subscription,sub_1303,"{""id"": ""sub_1303"", ""attributes"": {""customer_id"": ""cust_1303"", ""status"": ""active"", ""currency"": ""usd"", ""mrr_normalized"": 60, ""current_period_end"": ""2026-06-05T00:00:00Z"", ""cancel_at_period_end"": false, ""started_at"": ""2026-05-05T00:00:00Z"", ""plan_interval"": ""month""}}",2026-05-05 00:05:00
org_1,proj_13,env_prod,2026-05-12,batch_642,entity,stripe_subscription,sub_1303,"{""id"": ""sub_1303"", ""attributes"": {""customer_id"": ""cust_1303"", ""status"": ""past_due"", ""currency"": ""usd"", ""mrr_normalized"": 60, ""current_period_end"": ""2026-06-12T00:00:00Z"", ""cancel_at_period_end"": false, ""started_at"": ""2026-05-05T00:00:00Z"", ""plan_interval"": ""month""}}",2026-05-12 00:05:00
org_1,proj_13,env_prod,2026-05-19,batch_643,entity,stripe_subscription,sub_1303,"{""id"": ""sub_1303"", ""attributes"": {""customer_id"": ""cust_1303"", ""status"": ""active"", ""currency"": ""usd"", ""mrr_normalized"": 60, ""current_period_end"": ""2026-06-19T00:00:00Z"", ""cancel_at_period_end"": false, ""started_at"": ""2026-05-05T00:00:00Z"", ""plan_interval"": ""month""}}",2026-05-19 00:05:00
org_1,proj_14,env_prod,2026-06-01,batch_701,event,survey_response,cust_1401,"{""event"": ""survey_response"", ""event_id"": ""nps_1401_a"", ""ts"": ""2026-06-01T09:00:00Z"", ""properties"": {""survey_type"": ""nps"", ""score"": 10, ""comment"": ""Love the product, easy to use""}}",2026-06-01 09:00:01
org_1,proj_14,env_prod,2026-06-02,batch_702,event,survey_response,cust_1402,"{""event"": ""survey_response"", ""event_id"": ""nps_1402_a"", ""ts"": ""2026-06-02T09:00:00Z"", ""properties"": {""survey_type"": ""nps"", ""score"": 9, ""comment"": ""Great support team""}}",2026-06-02 09:00:01
org_1,proj_14,env_prod,2026-06-03,batch_703,event,survey_response,cust_1403,"{""event"": ""survey_response"", ""event_id"": ""nps_1403_a"", ""ts"": ""2026-06-03T09:00:00Z"", ""properties"": {""survey_type"": ""nps"", ""score"": 9}}",2026-06-03 09:00:01
org_1,proj_14,env_prod,2026-06-04,batch_704,event,survey_response,cust_1404,"{""event"": ""survey_response"", ""event_id"": ""nps_1404_a"", ""ts"": ""2026-06-04T09:00:00Z"", ""properties"": {""survey_type"": ""nps"", ""score"": 8, ""comment"": ""Pricing is a bit high for our team size""}}",2026-06-04 09:00:01
org_1,proj_14,env_prod,2026-06-05,batch_705,event,survey_response,cust_1405,"{""event"": ""survey_response"", ""event_id"": ""nps_1405_a"", ""ts"": ""2026-06-05T09:00:00Z"", ""properties"": {""survey_type"": ""nps"", ""score"": 4, ""comment"": ""Too expensive and support is slow to respond""}}",2026-06-05 09:00:01
org_1,proj_14,env_prod,2026-06-06,batch_706,event,survey_response,cust_1406,"{""event"": ""survey_response"", ""event_id"": ""nps_1406_a"", ""ts"": ""2026-06-06T09:00:00Z"", ""properties"": {""survey_type"": ""nps""}}",2026-06-06 09:00:01
org_1,proj_15,env_prod,2026-07-01,batch_901,event,touchpoint,anon_ch1,"{""event"": ""touchpoint"", ""event_id"": ""anon_ch1"", ""ts"": ""2026-07-01T08:00:00Z"", ""properties"": {""event_name"": ""pageview"", ""channel"": ""paid_search"", ""utm_campaign"": ""summer_search""}}",2026-07-01 08:00:01
org_1,proj_15,env_prod,2026-07-01,batch_902,event,funnel_event,cust_ch1,"{""event"": ""funnel_event"", ""event_id"": ""cust_ch1_signup"", ""ts"": ""2026-07-01T08:30:00Z"", ""properties"": {""event_name"": ""signup"", ""anon_id"": ""anon_ch1"", ""customer_id"": ""cust_ch1""}}",2026-07-01 08:30:01
org_1,proj_15,env_prod,2026-07-01,batch_903,entity,stripe_subscription,sub_ch1,"{""id"": ""sub_ch1"", ""attributes"": {""customer_id"": ""cust_ch1"", ""status"": ""active"", ""currency"": ""usd"", ""mrr_normalized"": 50, ""current_period_end"": ""2026-08-01T00:00:00Z"", ""cancel_at_period_end"": false, ""started_at"": ""2026-07-01T00:00:00Z"", ""plan_interval"": ""month""}}",2026-07-01 00:05:00
org_1,proj_15,env_prod,2026-08-01,batch_904,event,cancellation_reason,cust_ch1,"{""event"": ""cancellation_reason"", ""event_id"": ""cust_ch1_cancel"", ""ts"": ""2026-08-01T09:00:00Z"", ""properties"": {""reason_code"": ""too_expensive"", ""comment"": ""Too expensive for our team""}}",2026-08-01 09:00:01
org_1,proj_15,env_prod,2026-08-05,batch_905,event,cancellation_reason,cust_ch2,"{""event"": ""cancellation_reason"", ""event_id"": ""cust_ch2_cancel"", ""ts"": ""2026-08-05T10:00:00Z"", ""properties"": {""reason_code"": ""not_using_enough""}}",2026-08-05 10:00:01
org_1,proj_16,env_prod,2026-09-01,batch_1001,event,touchpoint,anon_qs1,"{""event"": ""touchpoint"", ""event_id"": ""anon_qs1"", ""ts"": ""2026-09-01T08:00:00Z"", ""properties"": {""event_name"": ""pageview"", ""channel"": ""paid_social"", ""utm_campaign"": ""fall_social""}}",2026-09-01 08:00:01
org_1,proj_16,env_prod,2026-09-01,batch_1002,event,onboarding_survey,cust_qs1,"{""event"": ""onboarding_survey"", ""event_id"": ""cust_qs1_survey"", ""ts"": ""2026-09-01T08:30:00Z"", ""properties"": {""anon_id"": ""anon_qs1"", ""company_size"": ""201-1000"", ""budget_range"": ""50k_plus"", ""urgency"": ""immediately"", ""use_case"": ""replacing a spreadsheet"", ""quality_score"": 97, ""customer_id"": ""cust_qs1""}}",2026-09-01 08:30:01
org_1,proj_16,env_prod,2026-09-05,batch_1003,event,stripe_charge,cust_qs1,"{""event"": ""stripe_charge"", ""event_id"": ""stripe:charge:ch_qs1_a"", ""ts"": ""2026-09-05T00:05:00Z"", ""properties"": {""charge_id"": ""ch_qs1_a"", ""customer_id"": ""cust_qs1"", ""amount"": 200, ""currency"": ""usd"", ""status"": ""succeeded"", ""refunded"": false, ""amount_refunded"": 0}}",2026-09-05 00:05:01
org_1,proj_16,env_prod,2026-10-10,batch_1004,event,onboarding_survey,cust_qs2,"{""event"": ""onboarding_survey"", ""event_id"": ""cust_qs2_survey"", ""ts"": ""2026-10-10T09:00:00Z"", ""properties"": {""company_size"": ""1-10"", ""budget_range"": ""no_budget"", ""urgency"": ""exploring"", ""quality_score"": 12}}",2026-10-10 09:00:01
org_1,proj_16,env_prod,2026-11-01,batch_1005,event,onboarding_survey,cust_qs3,"{""event"": ""onboarding_survey"", ""event_id"": ""cust_qs3_survey_1"", ""ts"": ""2026-11-01T08:00:00Z"", ""properties"": {""company_size"": ""1-10"", ""budget_range"": ""no_budget"", ""urgency"": ""exploring"", ""quality_score"": 12}}",2026-11-01 08:00:01
org_1,proj_16,env_prod,2026-11-05,batch_1006,event,onboarding_survey,cust_qs3,"{""event"": ""onboarding_survey"", ""event_id"": ""cust_qs3_survey_2"", ""ts"": ""2026-11-05T08:00:00Z"", ""properties"": {""company_size"": ""1000+"", ""budget_range"": ""50k_plus"", ""urgency"": ""immediately"", ""quality_score"": 100}}",2026-11-05 08:00:01
org_1,proj_16,env_prod,2026-11-06,batch_1007,event,stripe_charge,cust_qs3,"{""event"": ""stripe_charge"", ""event_id"": ""stripe:charge:ch_qs3_a"", ""ts"": ""2026-11-06T00:00:00Z"", ""properties"": {""charge_id"": ""ch_qs3_a"", ""customer_id"": ""cust_qs3"", ""amount"": 150, ""currency"": ""usd"", ""status"": ""succeeded"", ""refunded"": false, ""amount_refunded"": 0}}",2026-11-06 00:00:01
org_1,proj_18,env_prod,2026-07-01,batch_1001,event,funnel_event,cust_p1,"{""event"": ""funnel_event"", ""event_id"": ""cust_p1_signup"", ""ts"": ""2026-07-01T00:00:00Z"", ""properties"": {""event_name"": ""signup""}}",2026-07-01 00:00:01
org_1,proj_18,env_prod,2026-07-03,batch_1002,event,stripe_charge,cust_p1,"{""event"": ""stripe_charge"", ""event_id"": ""stripe:charge:ch_p1_a"", ""ts"": ""2026-07-03T00:00:00Z"", ""properties"": {""charge_id"": ""ch_p1_a"", ""customer_id"": ""cust_p1"", ""amount"": 100, ""currency"": ""usd"", ""status"": ""succeeded"", ""refunded"": false, ""amount_refunded"": 0}}",2026-07-03 00:00:01
org_1,proj_18,env_prod,2026-07-10,batch_1003,event,stripe_charge,cust_p1,"{""event"": ""stripe_charge"", ""event_id"": ""stripe:charge:ch_p1_b"", ""ts"": ""2026-07-10T00:00:00Z"", ""properties"": {""charge_id"": ""ch_p1_b"", ""customer_id"": ""cust_p1"", ""amount"": 50, ""currency"": ""usd"", ""status"": ""succeeded"", ""refunded"": false, ""amount_refunded"": 0}}",2026-07-10 00:00:01
org_1,proj_18,env_prod,2026-07-25,batch_1004,event,stripe_charge,cust_p1,"{""event"": ""stripe_charge"", ""event_id"": ""stripe:charge:ch_p1_c"", ""ts"": ""2026-07-25T00:00:00Z"", ""properties"": {""charge_id"": ""ch_p1_c"", ""customer_id"": ""cust_p1"", ""amount"": 30, ""currency"": ""usd"", ""status"": ""succeeded"", ""refunded"": false, ""amount_refunded"": 0}}",2026-07-25 00:00:01
org_1,proj_18,env_prod,2026-08-05,batch_1005,event,stripe_charge,cust_p1,"{""event"": ""stripe_charge"", ""event_id"": ""stripe:charge:ch_p1_d"", ""ts"": ""2026-08-05T00:00:00Z"", ""properties"": {""charge_id"": ""ch_p1_d"", ""customer_id"": ""cust_p1"", ""amount"": 20, ""currency"": ""usd"", ""status"": ""succeeded"", ""refunded"": false, ""amount_refunded"": 0}}",2026-08-05 00:00:01
org_1,proj_18,env_prod,2026-09-01,batch_1006,event,stripe_charge,cust_p1,"{""event"": ""stripe_charge"", ""event_id"": ""stripe:charge:ch_p1_e"", ""ts"": ""2026-09-01T00:00:00Z"", ""properties"": {""charge_id"": ""ch_p1_e"", ""customer_id"": ""cust_p1"", ""amount"": 999, ""currency"": ""usd"", ""status"": ""succeeded"", ""refunded"": false, ""amount_refunded"": 0}}",2026-09-01 00:00:01
org_1,proj_18,env_prod,2026-07-05,batch_1007,event,funnel_event,cust_p2,"{""event"": ""funnel_event"", ""event_id"": ""cust_p2_signup"", ""ts"": ""2026-07-05T00:00:00Z"", ""properties"": {""event_name"": ""signup""}}",2026-07-05 00:00:01
org_1,proj_18,env_prod,2026-07-06,batch_1008,event,stripe_charge,cust_p2,"{""event"": ""stripe_charge"", ""event_id"": ""stripe:charge:ch_p2_a"", ""ts"": ""2026-07-06T00:00:00Z"", ""properties"": {""charge_id"": ""ch_p2_a"", ""customer_id"": ""cust_p2"", ""amount"": 40, ""currency"": ""usd"", ""status"": ""failed"", ""refunded"": false, ""amount_refunded"": 0}}",2026-07-06 00:00:01
org_1,proj_17,env_prod,2026-07-01,batch_1101,event,company_firmographic,cust_fm1,"{""event"": ""company_firmographic"", ""event_id"": ""cust_fm1_firmographic"", ""ts"": ""2026-07-01T09:00:00Z"", ""properties"": {""company_name"": ""Acme Software Labs"", ""company_domain"": ""acme.io"", ""employee_count_range"": ""51-200"", ""region"": ""north_america"", ""industry"": ""saas_software""}}",2026-07-01 09:00:01
org_1,proj_17,env_prod,2026-07-01,batch_1102,entity,stripe_subscription,sub_fm1,"{""id"": ""sub_fm1"", ""attributes"": {""customer_id"": ""cust_fm1"", ""status"": ""active"", ""currency"": ""usd"", ""mrr_normalized"": 200, ""current_period_end"": ""2026-08-01T00:00:00Z"", ""cancel_at_period_end"": false, ""started_at"": ""2026-07-01T00:00:00Z"", ""plan_interval"": ""month""}}",2026-07-01 00:05:00
org_1,proj_17,env_prod,2026-07-05,batch_1103,event,company_firmographic,cust_fm2,"{""event"": ""company_firmographic"", ""event_id"": ""cust_fm2_firmographic"", ""ts"": ""2026-07-05T10:00:00Z"", ""properties"": {""company_name"": ""Sunrise Health Clinic"", ""employee_count_range"": ""11-50"", ""region"": ""europe"", ""industry"": ""healthcare""}}",2026-07-05 10:00:01
org_1,proj_19,env_prod,2026-09-01,batch_1201,event,touchpoint,anon_nps1,"{""event"": ""touchpoint"", ""event_id"": ""anon_nps1"", ""ts"": ""2026-09-01T08:00:00Z"", ""properties"": {""event_name"": ""pageview"", ""channel"": ""paid_social"", ""utm_campaign"": ""fall_social""}}",2026-09-01 08:00:01
org_1,proj_19,env_prod,2026-09-01,batch_1202,event,funnel_event,cust_nps1,"{""event"": ""funnel_event"", ""event_id"": ""cust_nps1_signup"", ""ts"": ""2026-09-01T08:30:00Z"", ""properties"": {""event_name"": ""signup"", ""anon_id"": ""anon_nps1"", ""customer_id"": ""cust_nps1""}}",2026-09-01 08:30:01
org_1,proj_19,env_prod,2026-09-01,batch_1203,entity,stripe_subscription,sub_nps1,"{""id"": ""sub_nps1"", ""attributes"": {""customer_id"": ""cust_nps1"", ""status"": ""active"", ""currency"": ""usd"", ""mrr_normalized"": 100, ""current_period_end"": ""2027-09-01T00:00:00Z"", ""cancel_at_period_end"": false, ""started_at"": ""2026-09-01T00:00:00Z"", ""plan_interval"": ""year""}}",2026-09-01 00:05:00
org_1,proj_19,env_prod,2026-09-15,batch_1204,event,survey_response,cust_nps1,"{""event"": ""survey_response"", ""event_id"": ""nps_1901_a"", ""ts"": ""2026-09-15T09:00:00Z"", ""properties"": {""survey_type"": ""nps"", ""score"": 9, ""comment"": ""Really happy with onboarding""}}",2026-09-15 09:00:01
org_1,proj_19,env_prod,2026-10-02,batch_1205,event,survey_response,cust_nps2,"{""event"": ""survey_response"", ""event_id"": ""nps_1902_a"", ""ts"": ""2026-10-02T09:00:00Z"", ""properties"": {""survey_type"": ""nps"", ""score"": 3, ""comment"": ""Missing key integrations""}}",2026-10-02 09:00:01
org_1,proj_20,env_prod,2026-09-01,batch_1301,event,experiment_exposure,cust_exp1,"{""event"": ""experiment_exposure"", ""event_id"": ""exp_2001_a"", ""ts"": ""2026-09-01T08:00:00Z"", ""properties"": {""experiment_key"": ""lp_headline_v2"", ""variant_key"": ""control""}}",2026-09-01 08:00:01
org_1,proj_20,env_prod,2026-09-01,batch_1302,event,experiment_conversion,cust_exp1,"{""event"": ""experiment_conversion"", ""event_id"": ""exp_2001_b"", ""ts"": ""2026-09-01T08:10:00Z"", ""properties"": {""experiment_key"": ""lp_headline_v2"", ""variant_key"": ""control""}}",2026-09-01 08:10:01
org_1,proj_20,env_prod,2026-09-01,batch_1303,event,experiment_exposure,cust_exp2,"{""event"": ""experiment_exposure"", ""event_id"": ""exp_2002_a"", ""ts"": ""2026-09-01T09:00:00Z"", ""properties"": {""experiment_key"": ""lp_headline_v2"", ""variant_key"": ""control""}}",2026-09-01 09:00:01
org_1,proj_20,env_prod,2026-09-02,batch_1304,event,experiment_exposure,cust_exp3,"{""event"": ""experiment_exposure"", ""event_id"": ""exp_2003_a"", ""ts"": ""2026-09-02T08:00:00Z"", ""properties"": {""experiment_key"": ""lp_headline_v2"", ""variant_key"": ""treatment""}}",2026-09-02 08:00:01
org_1,proj_20,env_prod,2026-09-02,batch_1305,event,experiment_conversion,cust_exp3,"{""event"": ""experiment_conversion"", ""event_id"": ""exp_2003_b"", ""ts"": ""2026-09-02T08:10:00Z"", ""properties"": {""experiment_key"": ""lp_headline_v2"", ""variant_key"": ""treatment""}}",2026-09-02 08:10:01
org_1,proj_20,env_prod,2026-09-02,batch_1306,event,experiment_exposure,cust_exp4,"{""event"": ""experiment_exposure"", ""event_id"": ""exp_2004_a"", ""ts"": ""2026-09-02T09:00:00Z"", ""properties"": {""experiment_key"": ""lp_headline_v2"", ""variant_key"": ""treatment""}}",2026-09-02 09:00:01
org_1,proj_20,env_prod,2026-09-02,batch_1307,event,experiment_conversion,cust_exp4,"{""event"": ""experiment_conversion"", ""event_id"": ""exp_2004_b"", ""ts"": ""2026-09-02T09:10:00Z"", ""properties"": {""experiment_key"": ""lp_headline_v2"", ""variant_key"": ""treatment""}}",2026-09-02 09:10:01
org_1,proj_21,env_prod,2026-09-03,batch_2101,event,support_ticket_event,cust_t1,"{""event"": ""support_ticket_event"", ""event_id"": ""sup_t1_opened"", ""ts"": ""2026-09-03T08:00:00Z"", ""properties"": {""ticket_id"": ""t1"", ""stage"": ""opened""}}",2026-09-03 08:00:01
org_1,proj_21,env_prod,2026-09-03,batch_2102,event,support_ticket_event,cust_t1,"{""event"": ""support_ticket_event"", ""event_id"": ""sup_t1_resolved"", ""ts"": ""2026-09-03T09:00:00Z"", ""properties"": {""ticket_id"": ""t1"", ""stage"": ""resolved"", ""agent_org_person_id"": ""agent_a1"", ""first_response_seconds"": 300, ""resolution_seconds"": 3600, ""csat_score"": 5}}",2026-09-03 09:00:01
org_1,proj_21,env_prod,2026-09-03,batch_2103,event,support_ticket_event,cust_t2,"{""event"": ""support_ticket_event"", ""event_id"": ""sup_t2_opened"", ""ts"": ""2026-09-03T10:00:00Z"", ""properties"": {""ticket_id"": ""t2"", ""stage"": ""opened""}}",2026-09-03 10:00:01
org_1,proj_21,env_prod,2026-09-03,batch_2104,event,support_ticket_event,cust_t2,"{""event"": ""support_ticket_event"", ""event_id"": ""sup_t2_resolved"", ""ts"": ""2026-09-03T12:00:00Z"", ""properties"": {""ticket_id"": ""t2"", ""stage"": ""resolved"", ""agent_org_person_id"": ""agent_a1"", ""first_response_seconds"": 600, ""resolution_seconds"": 7200, ""csat_score"": 3}}",2026-09-03 12:00:01
org_1,proj_21,env_prod,2026-09-04,batch_2105,event,support_ticket_event,cust_t3,"{""event"": ""support_ticket_event"", ""event_id"": ""sup_t3_opened"", ""ts"": ""2026-09-04T08:00:00Z"", ""properties"": {""ticket_id"": ""t3"", ""stage"": ""opened""}}",2026-09-04 08:00:01
org_1,proj_21,env_prod,2026-09-04,batch_2106,event,support_ticket_event,cust_t3,"{""event"": ""support_ticket_event"", ""event_id"": ""sup_t3_resolved"", ""ts"": ""2026-09-04T08:30:00Z"", ""properties"": {""ticket_id"": ""t3"", ""stage"": ""resolved"", ""agent_org_person_id"": ""agent_a2"", ""first_response_seconds"": 120, ""resolution_seconds"": 1800, ""csat_score"": 4}}",2026-09-04 08:30:01
org_1,proj_21,env_prod,2026-09-04,batch_2107,event,support_ticket_event,cust_t4,"{""event"": ""support_ticket_event"", ""event_id"": ""sup_t4_opened"", ""ts"": ""2026-09-04T09:00:00Z"", ""properties"": {""ticket_id"": ""t4"", ""stage"": ""opened""}}",2026-09-04 09:00:01
org_1,proj_22,env_prod,2026-09-04,batch_2201,event,demo_event,cust_d1,"{""event"": ""demo_event"", ""event_id"": ""demo_d1_scheduled"", ""ts"": ""2026-09-04T08:00:00Z"", ""properties"": {""demo_id"": ""d1"", ""stage"": ""scheduled"", ""rep_org_person_id"": ""rep_r1""}}",2026-09-04 08:00:01
org_1,proj_22,env_prod,2026-09-04,batch_2202,event,demo_event,cust_d1,"{""event"": ""demo_event"", ""event_id"": ""demo_d1_held"", ""ts"": ""2026-09-04T09:00:00Z"", ""properties"": {""demo_id"": ""d1"", ""stage"": ""held"", ""rep_org_person_id"": ""rep_r1""}}",2026-09-04 09:00:01
org_1,proj_22,env_prod,2026-09-04,batch_2203,event,demo_event,cust_d2,"{""event"": ""demo_event"", ""event_id"": ""demo_d2_scheduled"", ""ts"": ""2026-09-04T10:00:00Z"", ""properties"": {""demo_id"": ""d2"", ""stage"": ""scheduled"", ""rep_org_person_id"": ""rep_r1""}}",2026-09-04 10:00:01
org_1,proj_22,env_prod,2026-09-04,batch_2204,event,demo_event,cust_d2,"{""event"": ""demo_event"", ""event_id"": ""demo_d2_held"", ""ts"": ""2026-09-04T11:00:00Z"", ""properties"": {""demo_id"": ""d2"", ""stage"": ""held"", ""rep_org_person_id"": ""rep_r1""}}",2026-09-04 11:00:01
org_1,proj_22,env_prod,2026-09-04,batch_2205,event,demo_event,cust_d3,"{""event"": ""demo_event"", ""event_id"": ""demo_d3_scheduled"", ""ts"": ""2026-09-04T12:00:00Z"", ""properties"": {""demo_id"": ""d3"", ""stage"": ""scheduled"", ""rep_org_person_id"": ""rep_r2""}}",2026-09-04 12:00:01
org_1,proj_22,env_prod,2026-09-04,batch_2206,event,demo_event,cust_d3,"{""event"": ""demo_event"", ""event_id"": ""demo_d3_no_show"", ""ts"": ""2026-09-04T13:00:00Z"", ""properties"": {""demo_id"": ""d3"", ""stage"": ""no_show"", ""rep_org_person_id"": ""rep_r2""}}",2026-09-04 13:00:01
org_1,proj_22,env_prod,2026-09-04,batch_2207,event,demo_event,cust_d4,"{""event"": ""demo_event"", ""event_id"": ""demo_d4_scheduled"", ""ts"": ""2026-09-04T14:00:00Z"", ""properties"": {""demo_id"": ""d4"", ""stage"": ""scheduled""}}",2026-09-04 14:00:01
org_1,proj_22,env_prod,2026-09-04,batch_2208,event,demo_event,cust_d4,"{""event"": ""demo_event"", ""event_id"": ""demo_d4_canceled"", ""ts"": ""2026-09-04T15:00:00Z"", ""properties"": {""demo_id"": ""d4"", ""stage"": ""canceled""}}",2026-09-04 15:00:01
org_1,proj_23,env_prod,2026-09-01,batch_2301,event,touchpoint,anon_k1,"{""event"": ""touchpoint"", ""event_id"": ""anon_k1"", ""ts"": ""2026-09-01T08:00:00Z"", ""properties"": {""event_name"": ""pageview"", ""device_id"": ""dev_300"", ""channel"": ""paid_search"", ""utm_campaign"": ""fall_search"", ""landing_page"": ""https://example.com/lp-k""}}",2026-09-01 08:00:01
org_1,proj_23,env_prod,2026-09-01,batch_2302,event,funnel_event,cust_k1,"{""event"": ""funnel_event"", ""event_id"": ""cust_k1_signup"", ""ts"": ""2026-09-01T09:00:00Z"", ""properties"": {""event_name"": ""signup"", ""anon_id"": ""anon_k1"", ""device_id"": ""dev_300"", ""customer_id"": ""cust_k1""}}",2026-09-01 09:00:01
org_1,proj_23,env_prod,2026-09-03,batch_2303,event,stripe_charge,cust_k1,"{""event"": ""stripe_charge"", ""event_id"": ""stripe:charge:ch_k1_a"", ""ts"": ""2026-09-03T00:00:00Z"", ""properties"": {""charge_id"": ""ch_k1_a"", ""customer_id"": ""cust_k1"", ""amount"": 80, ""currency"": ""usd"", ""status"": ""succeeded"", ""refunded"": false, ""amount_refunded"": 0}}",2026-09-03 00:00:01
org_1,proj_23,env_prod,2026-09-05,batch_2304,event,funnel_event,cust_k2,"{""event"": ""funnel_event"", ""event_id"": ""cust_k2_signup"", ""ts"": ""2026-09-05T00:00:00Z"", ""properties"": {""event_name"": ""signup""}}",2026-09-05 00:00:01
org_1,proj_23,env_prod,2026-09-06,batch_2305,event,stripe_charge,cust_k2,"{""event"": ""stripe_charge"", ""event_id"": ""stripe:charge:ch_k2_a"", ""ts"": ""2026-09-06T00:00:00Z"", ""properties"": {""charge_id"": ""ch_k2_a"", ""customer_id"": ""cust_k2"", ""amount"": 40, ""currency"": ""usd"", ""status"": ""succeeded"", ""refunded"": false, ""amount_refunded"": 0}}",2026-09-06 00:00:01
org_1,proj_24,env_dev,2026-09-25,b24_1,event,touchpoint,tp-evt-1,"{""event"": ""touchpoint"", ""event_id"": ""tp-evt-1"", ""ts"": ""2026-09-25T12:49:24Z"", ""properties"": {""anon_id"": ""v1"", ""channel"": ""paid_search"", ""utm_campaign"": ""camp_x"", ""landing_page"": ""/""}}",2026-09-25 12:49:24
org_1,proj_24,env_dev,2026-09-25,b24_1,event,page_view,pv-evt-1,"{""event"": ""page_view"", ""event_id"": ""pv-evt-1"", ""ts"": ""2026-09-25T12:49:25Z"", ""properties"": {""anon_id"": ""v1"", ""path"": ""/""}}",2026-09-25 12:49:25
org_1,proj_24,env_dev,2026-09-25,b24_1,event,cta_click,cta-evt-1,"{""event"": ""cta_click"", ""event_id"": ""cta-evt-1"", ""ts"": ""2026-09-25T12:49:30Z"", ""properties"": {""anon_id"": ""v1"", ""cta"": ""hero_signup""}}",2026-09-25 12:49:30
org_1,proj_24,env_dev,2026-09-25,b24_1,event,page_view,pv-evt-2,"{""event"": ""page_view"", ""event_id"": ""pv-evt-2"", ""ts"": ""2026-09-25T12:49:35Z"", ""properties"": {""anon_id"": ""v1"", ""path"": ""/signup""}}",2026-09-25 12:49:35
org_1,proj_24,env_dev,2026-09-25,b24_2,event,signup,signup:u1:2026-09-25T12:50:42Z,"{""event"": ""signup"", ""event_id"": ""signup:u1:2026-09-25T12:50:42Z"", ""ts"": ""2026-09-25T12:50:42Z"", ""properties"": {""anon_id"": ""v1"", ""customer_id"": ""u1""}}",2026-09-25 12:50:42
org_1,proj_24,env_dev,2026-09-25,b24_3,event,document_created,doc-evt-1,"{""event"": ""document_created"", ""event_id"": ""doc-evt-1"", ""ts"": ""2026-09-25T12:55:00Z"", ""properties"": {""customer_id"": ""u1"", ""document_id"": ""d1""}}",2026-09-25 12:55:00
org_1,proj_24,env_dev,2026-09-25,b24_4,event,touchpoint,tp-evt-2,"{""event"": ""touchpoint"", ""event_id"": ""tp-evt-2"", ""ts"": ""2026-09-25T13:00:00Z"", ""properties"": {""anon_id"": ""v2"", ""channel"": ""paid_search"", ""utm_campaign"": ""camp_x"", ""landing_page"": ""/""}}",2026-09-25 13:00:00
org_1,proj_24,env_dev,2026-09-25,b24_4,event,page_view,pv-evt-3,"{""event"": ""page_view"", ""event_id"": ""pv-evt-3"", ""ts"": ""2026-09-25T13:00:05Z"", ""properties"": {""anon_id"": ""v2"", ""path"": ""/""}}",2026-09-25 13:00:05
org_1,proj_25,env_dev,2026-09-24,b25_1,event,touchpoint,tp25-1,"{""event"": ""touchpoint"", ""event_id"": ""tp25-1"", ""ts"": ""2026-09-24T09:00:00Z"", ""properties"": {""anon_id"": ""anon-9a59"", ""channel"": ""paid_search"", ""utm_campaign"": ""camp_es"", ""landing_page"": ""/""}}",2026-09-24 09:00:00
org_1,proj_25,env_dev,2026-09-24,b25_1,event,touchpoint,tp25-2,"{""event"": ""touchpoint"", ""event_id"": ""tp25-2"", ""ts"": ""2026-09-24T09:01:00Z"", ""properties"": {""anon_id"": ""anon-1cbd"", ""channel"": ""paid_search"", ""utm_campaign"": ""camp_es"", ""landing_page"": ""/""}}",2026-09-24 09:01:00
org_1,proj_25,env_dev,2026-09-24,b25_1,event,touchpoint,tp25-3,"{""event"": ""touchpoint"", ""event_id"": ""tp25-3"", ""ts"": ""2026-09-24T09:02:00Z"", ""properties"": {""anon_id"": ""anon-6e83"", ""channel"": ""paid_search"", ""utm_campaign"": ""camp_es"", ""landing_page"": ""/""}}",2026-09-24 09:02:00
org_1,proj_25,env_dev,2026-09-24,b25_1,event,touchpoint,tp25-4,"{""event"": ""touchpoint"", ""event_id"": ""tp25-4"", ""ts"": ""2026-09-24T09:03:00Z"", ""properties"": {""anon_id"": ""anon-28bf"", ""channel"": ""paid_search"", ""utm_campaign"": ""camp_es"", ""landing_page"": ""/""}}",2026-09-24 09:03:00
org_1,proj_25,env_dev,2026-09-24,b25_1,event,page_view,pv25-1,"{""event"": ""page_view"", ""event_id"": ""pv25-1"", ""ts"": ""2026-09-24T09:05:00Z"", ""properties"": {""anon_id"": ""anon-6e83"", ""path"": ""/pricing""}}",2026-09-24 09:05:00
org_1,proj_25,env_dev,2026-09-24,b25_1,event,page_view,pv25-2,"{""event"": ""page_view"", ""event_id"": ""pv25-2"", ""ts"": ""2026-09-24T09:06:00Z"", ""properties"": {""anon_id"": ""anon-28bf"", ""path"": ""/pricing""}}",2026-09-24 09:06:00
org_1,proj_25,env_dev,2026-09-24,b25_2,event,signup,signup:cust-D3CM:0910,"{""event"": ""signup"", ""event_id"": ""signup:cust-D3CM:0910"", ""ts"": ""2026-09-24T09:10:00Z"", ""properties"": {""anon_id"": ""anon-9a59"", ""customer_id"": ""cust-D3CM""}}",2026-09-24 09:10:00
org_1,proj_25,env_dev,2026-09-24,b25_2,event,document_created,doc25-cust-D3CM-created,"{""event"": ""document_created"", ""event_id"": ""doc25-cust-D3CM-created"", ""ts"": ""2026-09-24T09:12:00Z"", ""properties"": {""customer_id"": ""cust-D3CM"", ""document_id"": ""d-cust-D3CM""}}",2026-09-24 09:12:00
org_1,proj_25,env_dev,2026-09-24,b25_2,event,document_sent,doc25-cust-D3CM-sent,"{""event"": ""document_sent"", ""event_id"": ""doc25-cust-D3CM-sent"", ""ts"": ""2026-09-24T09:13:00Z"", ""properties"": {""customer_id"": ""cust-D3CM"", ""document_id"": ""d-cust-D3CM""}}",2026-09-24 09:13:00
org_1,proj_25,env_dev,2026-09-24,b25_2,event,document_signed,doc25-cust-D3CM-signed,"{""event"": ""document_signed"", ""event_id"": ""doc25-cust-D3CM-signed"", ""ts"": ""2026-09-24T09:16:00Z"", ""properties"": {""customer_id"": ""cust-D3CM"", ""document_id"": ""d-cust-D3CM""}}",2026-09-24 09:16:00
org_1,proj_25,env_dev,2026-09-24,b25_2,event,signup,signup:cust-taY2:0920,"{""event"": ""signup"", ""event_id"": ""signup:cust-taY2:0920"", ""ts"": ""2026-09-24T09:20:00Z"", ""properties"": {""anon_id"": ""anon-1cbd"", ""customer_id"": ""cust-taY2""}}",2026-09-24 09:20:00
org_1,proj_25,env_dev,2026-09-24,b25_2,event,document_created,doc25-cust-taY2-created,"{""event"": ""document_created"", ""event_id"": ""doc25-cust-taY2-created"", ""ts"": ""2026-09-24T09:22:00Z"", ""properties"": {""customer_id"": ""cust-taY2"", ""document_id"": ""d-cust-taY2""}}",2026-09-24 09:22:00
org_1,proj_25,env_dev,2026-09-24,b25_2,event,document_sent,doc25-cust-taY2-sent,"{""event"": ""document_sent"", ""event_id"": ""doc25-cust-taY2-sent"", ""ts"": ""2026-09-24T09:23:00Z"", ""properties"": {""customer_id"": ""cust-taY2"", ""document_id"": ""d-cust-taY2""}}",2026-09-24 09:23:00
org_1,proj_25,env_dev,2026-09-24,b25_2,event,document_signed,doc25-cust-taY2-signed,"{""event"": ""document_signed"", ""event_id"": ""doc25-cust-taY2-signed"", ""ts"": ""2026-09-24T09:26:00Z"", ""properties"": {""customer_id"": ""cust-taY2"", ""document_id"": ""d-cust-taY2""}}",2026-09-24 09:26:00
org_1,proj_25,env_dev,2026-09-24,b25_3,event,signup,signup:cust-kEQJ:0940,"{""event"": ""signup"", ""event_id"": ""signup:cust-kEQJ:0940"", ""ts"": ""2026-09-24T09:40:00Z"", ""properties"": {""customer_id"": ""cust-kEQJ""}}",2026-09-24 09:40:00
org_1,proj_25,env_dev,2026-09-24,b25_3,event,document_created,doc25-cust-kEQJ-created,"{""event"": ""document_created"", ""event_id"": ""doc25-cust-kEQJ-created"", ""ts"": ""2026-09-24T09:41:00Z"", ""properties"": {""customer_id"": ""cust-kEQJ"", ""document_id"": ""d-cust-kEQJ""}}",2026-09-24 09:41:00
org_1,proj_25,env_dev,2026-09-24,b25_3,event,document_sent,doc25-cust-kEQJ-sent,"{""event"": ""document_sent"", ""event_id"": ""doc25-cust-kEQJ-sent"", ""ts"": ""2026-09-24T09:42:00Z"", ""properties"": {""customer_id"": ""cust-kEQJ"", ""document_id"": ""d-cust-kEQJ""}}",2026-09-24 09:42:00
org_1,proj_25,env_dev,2026-09-24,b25_3,event,document_signed,doc25-cust-kEQJ-signed,"{""event"": ""document_signed"", ""event_id"": ""doc25-cust-kEQJ-signed"", ""ts"": ""2026-09-24T09:43:00Z"", ""properties"": {""customer_id"": ""cust-kEQJ"", ""document_id"": ""d-cust-kEQJ""}}",2026-09-24 09:43:00
org_1,proj_25,env_dev,2026-09-24,b25_3,event,signup,signup:cust-orKL:0950,"{""event"": ""signup"", ""event_id"": ""signup:cust-orKL:0950"", ""ts"": ""2026-09-24T09:50:00Z"", ""properties"": {""customer_id"": ""cust-orKL""}}",2026-09-24 09:50:00
org_1,proj_25,env_dev,2026-09-24,b25_3,event,document_created,doc25-cust-orKL-created,"{""event"": ""document_created"", ""event_id"": ""doc25-cust-orKL-created"", ""ts"": ""2026-09-24T09:51:00Z"", ""properties"": {""customer_id"": ""cust-orKL"", ""document_id"": ""d-cust-orKL""}}",2026-09-24 09:51:00
org_1,proj_25,env_dev,2026-09-24,b25_3,event,document_sent,doc25-cust-orKL-sent,"{""event"": ""document_sent"", ""event_id"": ""doc25-cust-orKL-sent"", ""ts"": ""2026-09-24T09:52:00Z"", ""properties"": {""customer_id"": ""cust-orKL"", ""document_id"": ""d-cust-orKL""}}",2026-09-24 09:52:00
org_1,proj_25,env_dev,2026-09-24,b25_3,event,document_signed,doc25-cust-orKL-signed,"{""event"": ""document_signed"", ""event_id"": ""doc25-cust-orKL-signed"", ""ts"": ""2026-09-24T09:53:00Z"", ""properties"": {""customer_id"": ""cust-orKL"", ""document_id"": ""d-cust-orKL""}}",2026-09-24 09:53:00
org_1,proj_25,env_dev,2026-09-24,b25_3,event,signup,signup:cust-gWy5:1000,"{""event"": ""signup"", ""event_id"": ""signup:cust-gWy5:1000"", ""ts"": ""2026-09-24T10:00:00Z"", ""properties"": {""customer_id"": ""cust-gWy5""}}",2026-09-24 10:00:00
org_1,proj_25,env_dev,2026-09-24,b25_3,event,document_created,doc25-cust-gWy5-created,"{""event"": ""document_created"", ""event_id"": ""doc25-cust-gWy5-created"", ""ts"": ""2026-09-24T10:01:00Z"", ""properties"": {""customer_id"": ""cust-gWy5"", ""document_id"": ""d-cust-gWy5""}}",2026-09-24 10:01:00
org_1,proj_25,env_dev,2026-09-24,b25_3,event,document_sent,doc25-cust-gWy5-sent,"{""event"": ""document_sent"", ""event_id"": ""doc25-cust-gWy5-sent"", ""ts"": ""2026-09-24T10:02:00Z"", ""properties"": {""customer_id"": ""cust-gWy5"", ""document_id"": ""d-cust-gWy5""}}",2026-09-24 10:02:00
org_1,proj_25,env_dev,2026-09-24,b25_3,event,document_signed,doc25-cust-gWy5-signed,"{""event"": ""document_signed"", ""event_id"": ""doc25-cust-gWy5-signed"", ""ts"": ""2026-09-24T10:03:00Z"", ""properties"": {""customer_id"": ""cust-gWy5"", ""document_id"": ""d-cust-gWy5""}}",2026-09-24 10:03:00
org_1,proj_25,env_dev,2026-09-24,b25_3,event,signup,signup:cust-MuxgBh:1010,"{""event"": ""signup"", ""event_id"": ""signup:cust-MuxgBh:1010"", ""ts"": ""2026-09-24T10:10:00Z"", ""properties"": {""customer_id"": ""cust-MuxgBh""}}",2026-09-24 10:10:00
org_1,proj_25,env_dev,2026-09-24,b25_3,event,document_created,doc25-cust-MuxgBh-created,"{""event"": ""document_created"", ""event_id"": ""doc25-cust-MuxgBh-created"", ""ts"": ""2026-09-24T10:11:00Z"", ""properties"": {""customer_id"": ""cust-MuxgBh"", ""document_id"": ""d-cust-MuxgBh""}}",2026-09-24 10:11:00
org_1,proj_25,env_dev,2026-09-24,b25_3,event,document_sent,doc25-cust-MuxgBh-sent,"{""event"": ""document_sent"", ""event_id"": ""doc25-cust-MuxgBh-sent"", ""ts"": ""2026-09-24T10:12:00Z"", ""properties"": {""customer_id"": ""cust-MuxgBh"", ""document_id"": ""d-cust-MuxgBh""}}",2026-09-24 10:12:00
org_1,proj_25,env_dev,2026-09-24,b25_3,event,document_signed,doc25-cust-MuxgBh-signed,"{""event"": ""document_signed"", ""event_id"": ""doc25-cust-MuxgBh-signed"", ""ts"": ""2026-09-24T10:13:00Z"", ""properties"": {""customer_id"": ""cust-MuxgBh"", ""document_id"": ""d-cust-MuxgBh""}}",2026-09-24 10:13:00
org_1,proj_26,env_dev,2026-09-20,b26_1,event,touchpoint,p1-anon,"{""event"": ""touchpoint"", ""event_id"": ""p1-anon"", ""ts"": ""2026-09-20T10:00:00Z"", ""properties"": {""channel"": ""paid_search"", ""landing_page"": ""/""}}",2026-09-20 10:00:00
org_1,proj_26,env_dev,2026-09-20,b26_1,event,signup,e26-p1-signup,"{""event"": ""signup"", ""event_id"": ""e26-p1-signup"", ""ts"": ""2026-09-20T10:01:00Z"", ""properties"": {""anon_id"": ""p1-anon"", ""customer_id"": ""c1""}}",2026-09-20 10:01:00
org_1,proj_26,env_dev,2026-09-20,b26_1,event,document_created,e26-p1-created-1,"{""event"": ""document_created"", ""event_id"": ""e26-p1-created-1"", ""ts"": ""2026-09-20T10:02:00Z"", ""properties"": {""customer_id"": ""c1""}}",2026-09-20 10:02:00
org_1,proj_26,env_dev,2026-09-20,b26_1,event,document_created,e26-p1-created-2,"{""event"": ""document_created"", ""event_id"": ""e26-p1-created-2"", ""ts"": ""2026-09-20T10:03:00Z"", ""properties"": {""customer_id"": ""c1""}}",2026-09-20 10:03:00
org_1,proj_26,env_dev,2026-09-20,b26_1,event,document_sent,e26-p1-sent,"{""event"": ""document_sent"", ""event_id"": ""e26-p1-sent"", ""ts"": ""2026-09-20T10:04:00Z"", ""properties"": {""customer_id"": ""c1""}}",2026-09-20 10:04:00
org_1,proj_26,env_dev,2026-09-20,b26_1,event,document_signed,e26-p1-signed-1,"{""event"": ""document_signed"", ""event_id"": ""e26-p1-signed-1"", ""ts"": ""2026-09-20T10:05:00Z"", ""properties"": {""customer_id"": ""c1""}}",2026-09-20 10:05:00
org_1,proj_26,env_dev,2026-09-20,b26_1,event,document_signed,e26-p1-signed-2,"{""event"": ""document_signed"", ""event_id"": ""e26-p1-signed-2"", ""ts"": ""2026-09-20T10:06:00Z"", ""properties"": {""customer_id"": ""c1""}}",2026-09-20 10:06:00
org_1,proj_26,env_dev,2026-09-20,b26_1,event,touchpoint,e26-p2-tp,"{""event"": ""touchpoint"", ""event_id"": ""e26-p2-tp"", ""ts"": ""2026-09-20T10:10:00Z"", ""properties"": {""anon_id"": ""p2-anon"", ""channel"": ""organic""}}",2026-09-20 10:10:00
org_1,proj_26,env_dev,2026-09-20,b26_1,event,signup,e26-p2-signup,"{""event"": ""signup"", ""event_id"": ""e26-p2-signup"", ""ts"": ""2026-09-20T10:11:00Z"", ""properties"": {""anon_id"": ""p2-anon"", ""customer_id"": ""c2""}}",2026-09-20 10:11:00
org_1,proj_26,env_dev,2026-09-20,b26_1,event,document_sent,e26-p2-sent,"{""event"": ""document_sent"", ""event_id"": ""e26-p2-sent"", ""ts"": ""2026-09-20T10:12:00Z"", ""properties"": {""customer_id"": ""c2""}}",2026-09-20 10:12:00
org_1,proj_26,env_dev,2026-09-20,b26_1,event,document_signed,e26-p2-signed,"{""event"": ""document_signed"", ""event_id"": ""e26-p2-signed"", ""ts"": ""2026-09-20T10:13:00Z"", ""properties"": {""customer_id"": ""c2""}}",2026-09-20 10:13:00
org_1,proj_26,env_dev,2026-09-20,b26_1,event,touchpoint,e26-p3-tp,"{""event"": ""touchpoint"", ""event_id"": ""e26-p3-tp"", ""ts"": ""2026-09-20T10:20:00Z"", ""properties"": {""anon_id"": ""p3-anon"", ""channel"": ""organic""}}",2026-09-20 10:20:00
org_1,proj_26,env_dev,2026-09-20,b26_1,event,signup,e26-p3-signup,"{""event"": ""signup"", ""event_id"": ""e26-p3-signup"", ""ts"": ""2026-09-20T10:21:00Z"", ""properties"": {""anon_id"": ""p3-anon"", ""customer_id"": ""c3""}}",2026-09-20 10:21:00
org_1,proj_26,env_dev,2026-09-20,b26_1,event,document_sent,e26-p3-sent-1,"{""event"": ""document_sent"", ""event_id"": ""e26-p3-sent-1"", ""ts"": ""2026-09-20T10:22:00Z"", ""properties"": {""customer_id"": ""c3""}}",2026-09-20 10:22:00
org_1,proj_26,env_dev,2026-09-20,b26_1,event,document_created,e26-p3-created,"{""event"": ""document_created"", ""event_id"": ""e26-p3-created"", ""ts"": ""2026-09-20T10:23:00Z"", ""properties"": {""customer_id"": ""c3""}}",2026-09-20 10:23:00
org_1,proj_26,env_dev,2026-09-20,b26_1,event,document_signed,e26-p3-signed,"{""event"": ""document_signed"", ""event_id"": ""e26-p3-signed"", ""ts"": ""2026-09-20T10:24:00Z"", ""properties"": {""customer_id"": ""c3""}}",2026-09-20 10:24:00
org_1,proj_26,env_dev,2026-09-20,b26_1,event,document_sent,e26-p3-sent-2,"{""event"": ""document_sent"", ""event_id"": ""e26-p3-sent-2"", ""ts"": ""2026-09-20T10:25:00Z"", ""properties"": {""customer_id"": ""c3""}}",2026-09-20 10:25:00
org_1,proj_26,env_dev,2026-09-20,b26_1,event,touchpoint,e26-p4-tp,"{""event"": ""touchpoint"", ""event_id"": ""e26-p4-tp"", ""ts"": ""2026-09-20T10:30:00Z"", ""properties"": {""anon_id"": ""p4-anon"", ""channel"": ""organic""}}",2026-09-20 10:30:00
org_1,proj_26,env_dev,2026-09-20,b26_1,event,signup,e26-p4-signup,"{""event"": ""signup"", ""event_id"": ""e26-p4-signup"", ""ts"": ""2026-09-20T10:31:00Z"", ""properties"": {""anon_id"": ""p4-anon""}}",2026-09-20 10:31:00
org_1,proj_26,env_dev,2026-09-20,b26_1,event,touchpoint,legacy-5,"{""event"": ""touchpoint"", ""event_id"": ""legacy-5"", ""ts"": ""2026-09-20T10:40:00Z"", ""properties"": {""channel"": ""referral""}}",2026-09-20 10:40:00
org_1,proj_26,env_dev,2026-09-20,b26_1,event,signup,legacy-5,"{""event"": ""signup"", ""event_id"": ""legacy-5"", ""ts"": ""2026-09-20T10:41:00Z"", ""properties"": {""plan"": ""free""}}",2026-09-20 10:41:00
org_1,proj_26,env_dev,2026-09-20,b26_1,event,signup,e26-p6-signup,"{""event"": ""signup"", ""event_id"": ""e26-p6-signup"", ""ts"": ""2026-09-20T10:50:00Z"", ""properties"": {""anon_id"": ""p6-anon"", ""customer_id"": ""c6""}}",2026-09-20 10:50:00
org_1,proj_26,env_dev,2026-09-20,b26_1,event,touchpoint,e26-p6-tp,"{""event"": ""touchpoint"", ""event_id"": ""e26-p6-tp"", ""ts"": ""2026-09-20T10:51:00Z"", ""properties"": {""anon_id"": ""p6-anon"", ""channel"": ""organic""}}",2026-09-20 10:51:00
org_1,proj_26,env_dev,2026-09-20,b26_1,event,touchpoint,e26-p7-tp-1,"{""event"": ""touchpoint"", ""event_id"": ""e26-p7-tp-1"", ""ts"": ""2026-09-20T11:00:00Z"", ""properties"": {""anon_id"": ""p7-anon"", ""channel"": ""organic""}}",2026-09-20 11:00:00
org_1,proj_26,env_dev,2026-09-20,b26_1,event,signup,e26-p7-signup,"{""event"": ""signup"", ""event_id"": ""e26-p7-signup"", ""ts"": ""2026-09-20T11:02:00Z"", ""properties"": {""anon_id"": ""p7-anon"", ""customer_id"": ""c7""}}",2026-09-20 11:02:00
org_1,proj_26,env_dev,2026-09-20,b26_1,event,touchpoint,e26-p7-tp-2,"{""event"": ""touchpoint"", ""event_id"": ""e26-p7-tp-2"", ""ts"": ""2026-09-20T11:03:00Z"", ""properties"": {""anon_id"": ""p7-anon"", ""channel"": ""organic""}}",2026-09-20 11:03:00
org_1,proj_26,env_dev,2026-09-20,b26_1,event,document_created,e26-p7-created,"{""event"": ""document_created"", ""event_id"": ""e26-p7-created"", ""ts"": ""2026-09-20T11:04:00Z"", ""properties"": {""customer_id"": ""c7""}}",2026-09-20 11:04:00
org_1,proj_26,env_dev,2026-09-20,b26_1,event,touchpoint,e26-p8-tp-a,"{""event"": ""touchpoint"", ""event_id"": ""e26-p8-tp-a"", ""ts"": ""2026-09-20T11:10:00Z"", ""properties"": {""anon_id"": ""p8a"", ""channel"": ""paid_social""}}",2026-09-20 11:10:00
org_1,proj_26,env_dev,2026-09-20,b26_1,event,touchpoint,e26-p8-tp-b,"{""event"": ""touchpoint"", ""event_id"": ""e26-p8-tp-b"", ""ts"": ""2026-09-20T11:11:00Z"", ""properties"": {""anon_id"": ""p8b"", ""channel"": ""paid_social""}}",2026-09-20 11:11:00
org_1,proj_26,env_dev,2026-09-20,b26_1,event,login,e26-p8-login,"{""event"": ""login"", ""event_id"": ""e26-p8-login"", ""ts"": ""2026-09-20T11:12:00Z"", ""properties"": {""anon_id"": ""p8b"", ""customer_id"": ""c8""}}",2026-09-20 11:12:00
org_1,proj_26,env_dev,2026-09-20,b26_1,event,signup,e26-p8-signup,"{""event"": ""signup"", ""event_id"": ""e26-p8-signup"", ""ts"": ""2026-09-20T11:13:00Z"", ""properties"": {""anon_id"": ""p8a"", ""customer_id"": ""c8""}}",2026-09-20 11:13:00
org_1,proj_26,env_dev,2026-09-20,b26_1,event,document_created,e26-p8-created,"{""event"": ""document_created"", ""event_id"": ""e26-p8-created"", ""ts"": ""2026-09-20T11:14:00Z"", ""properties"": {""customer_id"": ""c8""}}",2026-09-20 11:14:00
org_1,proj_26,env_dev,2026-09-20,b26_1,event,document_sent,e26-p8-sent,"{""event"": ""document_sent"", ""event_id"": ""e26-p8-sent"", ""ts"": ""2026-09-20T11:15:00Z"", ""properties"": {""customer_id"": ""c8""}}",2026-09-20 11:15:00
org_1,proj_26,env_dev,2026-09-20,b26_1,event,document_signed,e26-p8-signed,"{""event"": ""document_signed"", ""event_id"": ""e26-p8-signed"", ""ts"": ""2026-09-20T11:16:00Z"", ""properties"": {""customer_id"": ""c8""}}",2026-09-20 11:16:00
org_1,proj_26,env_dev,2026-09-20,b26_1,event,touchpoint,e26-p9-tp,"{""event"": ""touchpoint"", ""event_id"": ""e26-p9-tp"", ""ts"": ""2026-09-20T11:20:00Z"", ""properties"": {""anon_id"": ""p9-anon"", ""channel"": ""organic""}}",2026-09-20 11:20:00
org_1,proj_26,env_dev,2026-09-20,b26_1,event,signup,e26-p9-signup,"{""event"": ""signup"", ""event_id"": ""e26-p9-signup"", ""ts"": ""2026-09-20T11:20:00Z"", ""properties"": {""anon_id"": ""p9-anon"", ""customer_id"": ""c9""}}",2026-09-20 11:20:00
org_1,proj_26,env_other,2026-09-20,b26_2,event,touchpoint,e26-z1-tp,"{""event"": ""touchpoint"", ""event_id"": ""e26-z1-tp"", ""ts"": ""2026-09-20T11:30:00Z"", ""properties"": {""anon_id"": ""z1"", ""channel"": ""organic""}}",2026-09-20 11:30:00
org_1,proj_26,env_other,2026-09-20,b26_2,event,signup,e26-z1-signup,"{""event"": ""signup"", ""event_id"": ""e26-z1-signup"", ""ts"": ""2026-09-20T11:31:00Z"", ""properties"": {""anon_id"": ""z1"", ""customer_id"": ""z1c""}}",2026-09-20 11:31:00
org_1,proj_26,env_other,2026-09-20,b26_2,event,signup,e26-z4-signup,"{""event"": ""signup"", ""event_id"": ""e26-z4-signup"", ""ts"": ""2026-09-20T11:32:00Z"", ""properties"": {""anon_id"": ""p4-anon"", ""customer_id"": ""c9""}}",2026-09-20 11:32:00
org_1,proj_27,env_dev,2026-09-03,b27_ssc-2701-a,event,subscription_state_change,ssc-2701-a,"{""event"": ""subscription_state_change"", ""event_id"": ""ssc-2701-a"", ""ts"": ""2026-09-01T10:00:00Z"", ""properties"": {""customer_id"": ""cust_2701"", ""type"": ""first_charge"", ""plan"": ""pro"", ""mrr"": 199, ""status"": ""active"", ""currency"": ""ILS""}}",2026-09-03 10:00:00
org_1,proj_27,env_dev,2026-09-02,b27_ssc-2701-b,event,subscription_state_change,ssc-2701-b,"{""event"": ""subscription_state_change"", ""event_id"": ""ssc-2701-b"", ""ts"": ""2026-09-02T10:00:00Z"", ""properties"": {""customer_id"": ""cust_2701"", ""type"": ""upgrade"", ""previous_plan"": ""pro"", ""plan"": ""unlimited"", ""mrr"": 399, ""status"": ""active"", ""currency"": ""ILS""}}",2026-09-02 10:05:00
org_1,proj_27,env_dev,2026-09-05,b27_ssc-2701-c,event,subscription_state_change,ssc-2701-c,"{""event"": ""subscription_state_change"", ""event_id"": ""ssc-2701-c"", ""ts"": ""2026-09-05T10:00:00Z"", ""properties"": {""customer_id"": ""cust_2701"", ""type"": ""downgrade"", ""previous_plan"": ""unlimited"", ""plan"": ""pro"", ""mrr"": 199, ""status"": ""active"", ""currency"": ""ILS""}}",2026-09-05 10:05:00
org_1,proj_27,env_dev,2026-09-01,b27_ssc-2702-a,event,subscription_state_change,ssc-2702-a,"{""event"": ""subscription_state_change"", ""event_id"": ""ssc-2702-a"", ""ts"": ""2026-09-01T11:00:00Z"", ""properties"": {""customer_id"": ""cust_2702"", ""type"": ""first_charge"", ""plan"": ""pro"", ""mrr"": 199, ""status"": ""active"", ""currency"": ""ILS""}}",2026-09-01 11:05:00
org_1,proj_27,env_dev,2026-09-03,b27_ssc-2702-b,event,subscription_state_change,ssc-2702-b,"{""event"": ""subscription_state_change"", ""event_id"": ""ssc-2702-b"", ""ts"": ""2026-09-03T11:00:00Z"", ""properties"": {""customer_id"": ""cust_2702"", ""type"": ""cancel"", ""previous_plan"": ""pro"", ""plan"": ""free"", ""mrr"": 0, ""status"": ""canceled"", ""currency"": ""ILS""}}",2026-09-03 11:05:00
org_1,proj_27,env_dev,2026-09-06,b27_ssc-2702-c,event,subscription_state_change,ssc-2702-c,"{""event"": ""subscription_state_change"", ""event_id"": ""ssc-2702-c"", ""ts"": ""2026-09-06T11:00:00Z"", ""properties"": {""customer_id"": ""cust_2702"", ""type"": ""first_charge"", ""previous_plan"": ""free"", ""plan"": ""pro"", ""mrr"": 199, ""status"": ""active"", ""currency"": ""ILS""}}",2026-09-06 11:05:00
org_1,proj_27,env_dev,2026-09-01,b27_ssc-2703-a,event,subscription_state_change,ssc-2703-a,"{""event"": ""subscription_state_change"", ""event_id"": ""ssc-2703-a"", ""ts"": ""2026-09-01T12:00:00Z"", ""properties"": {""customer_id"": ""cust_2703"", ""type"": ""first_charge"", ""plan"": ""basic"", ""mrr"": 99, ""currency"": ""ILS""}}",2026-09-01 12:05:00
org_1,proj_27,env_dev,2026-09-04,b27_ssc-2703-b,event,subscription_state_change,ssc-2703-b,"{""event"": ""subscription_state_change"", ""event_id"": ""ssc-2703-b"", ""ts"": ""2026-09-04T12:00:00Z"", ""properties"": {""customer_id"": ""cust_2703"", ""type"": ""cancel"", ""previous_plan"": ""basic"", ""plan"": ""free"", ""mrr"": 0, ""currency"": ""ILS""}}",2026-09-04 12:05:00
org_1,proj_27,env_dev,2026-09-01,b27_ssc-2704-a,event,subscription_state_change,ssc-2704-a,"{""event"": ""subscription_state_change"", ""event_id"": ""ssc-2704-a"", ""ts"": ""2026-09-01T13:00:00Z"", ""properties"": {""customer_id"": ""cust_2704"", ""type"": ""first_charge"", ""plan"": ""pro"", ""mrr_ils"": 199, ""currency"": ""ILS""}}",2026-09-01 13:05:00
